<?xml version="1.0" encoding="UTF-8"?>
<GenRun Id="impl_1" LaunchPart="xc7a35tcpg236-1" LaunchTime="1717314213">
  <File Type="ROUTE-PWR" Name="proiect_power_routed.rpt"/>
  <File Type="PA-TCL" Name="proiect.tcl"/>
  <File Type="ROUTE-PWR-SUM" Name="proiect_power_summary_routed.pb"/>
  <File Type="REPORTS-TCL" Name="proiect_reports.tcl"/>
  <File Type="BITSTR-MSK" Name="proiect.msk"/>
  <File Type="ROUTE-CLK" Name="proiect_clock_utilization_routed.rpt"/>
  <File Type="RDI-RDI" Name="proiect.vdi"/>
  <File Type="POSTROUTE-PHYSOPT-BUS-SKEW-PB" Name="proiect_bus_skew_postroute_physopted.pb"/>
  <File Type="BG-BIT" Name="proiect.bit"/>
  <File Type="BG-DRC" Name="proiect.drc"/>
  <File Type="BG-BGN" Name="proiect.bgn"/>
  <File Type="BG-BIN" Name="proiect.bin"/>
  <File Type="BITSTR-RBT" Name="proiect.rbt"/>
  <File Type="BITSTR-NKY" Name="proiect.nky"/>
  <File Type="BITSTR-BMM" Name="proiect_bd.bmm"/>
  <File Type="BITSTR-MMI" Name="proiect.mmi"/>
  <File Type="ROUTE-METHODOLOGY-DRC" Name="proiect_methodology_drc_routed.rpt"/>
  <File Type="BITSTR-SYSDEF" Name="proiect.sysdef"/>
  <File Type="ROUTE-METHODOLOGY-DRC-PB" Name="proiect_methodology_drc_routed.pb"/>
  <File Type="BITSTR-LTX" Name="debug_nets.ltx"/>
  <File Type="BITSTR-LTX" Name="proiect.ltx"/>
  <File Type="BOOT-PDI-FILE" Name="proiect_boot.pdi"/>
  <File Type="WBT-USG" Name="usage_statistics_webtalk.html"/>
  <File Type="NPI_FILE" Name="proiect.npi"/>
  <File Type="OPT-DRC" Name="proiect_drc_opted.rpt"/>
  <File Type="RBD_FILE" Name="proiect.rbd"/>
  <File Type="OPT-HWDEF" Name="proiect.hwdef"/>
  <File Type="PLACE-IO" Name="proiect_io_placed.rpt"/>
  <File Type="PLACE-UTIL" Name="proiect_utilization_placed.rpt"/>
  <File Type="PLACE-UTIL-PB" Name="proiect_utilization_placed.pb"/>
  <File Type="PLACE-CTRL" Name="proiect_control_sets_placed.rpt"/>
  <File Type="PLACE-PRE-SIMILARITY" Name="proiect_incremental_reuse_pre_placed.rpt"/>
  <File Type="ROUTE-DRC" Name="proiect_drc_routed.rpt"/>
  <File Type="ROUTE-DRC-PB" Name="proiect_drc_routed.pb"/>
  <File Type="ROUTE-PWR-RPX" Name="proiect_power_routed.rpx"/>
  <File Type="ROUTE-STATUS" Name="proiect_route_status.rpt"/>
  <File Type="ROUTE-STATUS-PB" Name="proiect_route_status.pb"/>
  <File Type="ROUTE-DCP" Name="proiect_routed.dcp"/>
  <File Type="ROUTE-ERROR-DCP" Name="proiect_routed_error.dcp"/>
  <File Type="ROUTE-BLACKBOX-DCP" Name="proiect_routed_bb.dcp"/>
  <File Type="ROUTE-TIMINGSUMMARY" Name="proiect_timing_summary_routed.rpt"/>
  <File Type="ROUTE-TIMING-PB" Name="proiect_timing_summary_routed.pb"/>
  <File Type="ROUTE-TIMING-RPX" Name="proiect_timing_summary_routed.rpx"/>
  <File Type="ROUTE-SIMILARITY" Name="proiect_incremental_reuse_routed.rpt"/>
  <File Type="ROUTE-BUS-SKEW" Name="proiect_bus_skew_routed.rpt"/>
  <File Type="ROUTE-BUS-SKEW-PB" Name="proiect_bus_skew_routed.pb"/>
  <File Type="ROUTE-BUS-SKEW-RPX" Name="proiect_bus_skew_routed.rpx"/>
  <File Type="OPT-DCP" Name="proiect_opt.dcp"/>
  <File Type="PLACE-DCP" Name="proiect_placed.dcp"/>
  <File Type="PWROPT-DCP" Name="proiect_pwropt.dcp"/>
  <File Type="POSTPLACE-PWROPT-DCP" Name="proiect_postplace_pwropt.dcp"/>
  <File Type="PHYSOPT-DCP" Name="proiect_physopt.dcp"/>
  <File Type="POSTROUTE-PHYSOPT-DCP" Name="proiect_postroute_physopt.dcp"/>
  <File Type="POSTROUTE-PHYSOPT-BLACKBOX-DCP" Name="proiect_postroute_physopt_bb.dcp"/>
  <File Type="POSTROUTE-PHYSOPT-TIMING" Name="proiect_timing_summary_postroute_physopted.rpt"/>
  <File Type="POSTROUTE-PHYSOPT-TIMING-PB" Name="proiect_timing_summary_postroute_physopted.pb"/>
  <File Type="POSTROUTE-PHYSOPT-TIMING-RPX" Name="proiect_timing_summary_postroute_physopted.rpx"/>
  <File Type="POSTROUTE-PHYSOPT-BUS-SKEW" Name="proiect_bus_skew_postroute_physopted.rpt"/>
  <File Type="POSTROUTE-PHYSOPT-BUS-SKEW-RPX" Name="proiect_bus_skew_postroute_physopted.rpx"/>
  <File Type="ROUTE-DRC-RPX" Name="proiect_drc_routed.rpx"/>
  <File Type="ROUTE-METHODOLOGY-DRC-RPX" Name="proiect_methodology_drc_routed.rpx"/>
  <File Type="PDI-FILE" Name="proiect.pdi"/>
  <File Type="PL-PDI-FILE" Name="proiect_pld.pdi"/>
  <File Type="RCFI_FILE" Name="proiect.rcfi"/>
  <File Type="CFI_FILE" Name="proiect.cfi"/>
  <File Type="RNPI_FILE" Name="proiect.rnpi"/>
  <File Type="ROUTE-RQS" Name="proiect_routed.rqs"/>
  <File Type="POSTROUTE-PHYSOPT-RQS" Name="proiect_postroute_physopted.rqs"/>
  <File Type="ROUTE-RQS-RPT" Name="route_report_qor_suggestions_0.rpt"/>
  <File Type="POSTROUTE-PHYSOPT-RQS-RPT" Name="postroute_physopt_report_qor_suggestions_0.rpt"/>
  <FileSet Name="sources" Type="DesignSrcs" RelSrcDir="$PSRCDIR/sources_1" RelGenDir="$PGENDIR/sources_1">
    <Filter Type="Srcs"/>
    <File Path="$PSRCDIR/sources_1/new/anozi.vhd">
      <FileInfo>
        <Attr Name="UsedIn" Val="synthesis"/>
        <Attr Name="UsedIn" Val="simulation"/>
      </FileInfo>
    </File>
    <File Path="$PSRCDIR/sources_1/imports/new/bcd_catozi.vhd">
      <FileInfo>
        <Attr Name="ImportPath" Val="$PPRDIR/../../proiect_nou/afis/numarator_afis/numarator_afis.srcs/sources_1/new/bcd_catozi.vhd"/>
        <Attr Name="ImportTime" Val="1715969526"/>
        <Attr Name="UsedIn" Val="synthesis"/>
        <Attr Name="UsedIn" Val="simulation"/>
      </FileInfo>
    </File>
    <File Path="$PSRCDIR/sources_1/new/bistabil_d.vhd">
      <FileInfo>
        <Attr Name="UsedIn" Val="synthesis"/>
        <Attr Name="UsedIn" Val="simulation"/>
      </FileInfo>
    </File>
    <File Path="$PSRCDIR/sources_1/imports/new/buton.vhd">
      <FileInfo>
        <Attr Name="ImportPath" Val="$PPRDIR/../../proiect_nou/debouncer/numarator/numarator.srcs/sources_1/new/buton.vhd"/>
        <Attr Name="ImportTime" Val="1715958198"/>
        <Attr Name="UsedIn" Val="synthesis"/>
        <Attr Name="UsedIn" Val="simulation"/>
      </FileInfo>
    </File>
    <File Path="$PSRCDIR/sources_1/new/citire.vhd">
      <FileInfo>
        <Attr Name="UsedIn" Val="synthesis"/>
        <Attr Name="UsedIn" Val="simulation"/>
      </FileInfo>
    </File>
    <File Path="$PSRCDIR/sources_1/new/clock.vhd">
      <FileInfo>
        <Attr Name="UsedIn" Val="synthesis"/>
        <Attr Name="UsedIn" Val="simulation"/>
      </FileInfo>
    </File>
    <File Path="$PSRCDIR/sources_1/new/codificator.vhd">
      <FileInfo>
        <Attr Name="UsedIn" Val="synthesis"/>
        <Attr Name="UsedIn" Val="simulation"/>
      </FileInfo>
    </File>
    <File Path="$PSRCDIR/sources_1/new/incalzitor.vhd">
      <FileInfo>
        <Attr Name="UsedIn" Val="synthesis"/>
        <Attr Name="UsedIn" Val="simulation"/>
      </FileInfo>
    </File>
    <File Path="$PSRCDIR/sources_1/new/main.vhd">
      <FileInfo>
        <Attr Name="UsedIn" Val="synthesis"/>
        <Attr Name="UsedIn" Val="simulation"/>
      </FileInfo>
    </File>
    <File Path="$PSRCDIR/sources_1/new/main_UE.vhd">
      <FileInfo>
        <Attr Name="UsedIn" Val="synthesis"/>
        <Attr Name="UsedIn" Val="simulation"/>
      </FileInfo>
    </File>
    <File Path="$PSRCDIR/sources_1/new/memorie_ROM.vhd">
      <FileInfo>
        <Attr Name="UsedIn" Val="synthesis"/>
        <Attr Name="UsedIn" Val="simulation"/>
      </FileInfo>
    </File>
    <File Path="$PSRCDIR/sources_1/new/minute.vhd">
      <FileInfo>
        <Attr Name="UsedIn" Val="synthesis"/>
        <Attr Name="UsedIn" Val="simulation"/>
      </FileInfo>
    </File>
    <File Path="$PSRCDIR/sources_1/new/mux_4_1_pt_catozi.vhd">
      <FileInfo>
        <Attr Name="UsedIn" Val="synthesis"/>
        <Attr Name="UsedIn" Val="simulation"/>
      </FileInfo>
    </File>
    <File Path="$PSRCDIR/sources_1/new/mux_8_1_catozi.vhd">
      <FileInfo>
        <Attr Name="UsedIn" Val="synthesis"/>
        <Attr Name="UsedIn" Val="simulation"/>
      </FileInfo>
    </File>
    <File Path="$PPRDIR/../../proiect_nou/debouncer/numarator/numarator.srcs/sources_1/new/numarator.vhd">
      <FileInfo>
        <Attr Name="UsedIn" Val="synthesis"/>
        <Attr Name="UsedIn" Val="simulation"/>
      </FileInfo>
    </File>
    <File Path="$PSRCDIR/sources_1/new/numarator_afis.vhd">
      <FileInfo>
        <Attr Name="UsedIn" Val="synthesis"/>
        <Attr Name="UsedIn" Val="simulation"/>
      </FileInfo>
    </File>
    <File Path="$PSRCDIR/sources_1/new/numarator_minute.vhd">
      <FileInfo>
        <Attr Name="UsedIn" Val="synthesis"/>
        <Attr Name="UsedIn" Val="simulation"/>
      </FileInfo>
    </File>
    <File Path="$PSRCDIR/sources_1/new/numarator_ora.vhd">
      <FileInfo>
        <Attr Name="UsedIn" Val="synthesis"/>
        <Attr Name="UsedIn" Val="simulation"/>
      </FileInfo>
    </File>
    <File Path="$PSRCDIR/sources_1/new/ora.vhd">
      <FileInfo>
        <Attr Name="UsedIn" Val="synthesis"/>
        <Attr Name="UsedIn" Val="simulation"/>
      </FileInfo>
    </File>
    <File Path="$PSRCDIR/sources_1/new/registru_save_pe5.vhd">
      <FileInfo>
        <Attr Name="UsedIn" Val="synthesis"/>
        <Attr Name="UsedIn" Val="simulation"/>
      </FileInfo>
    </File>
    <File Path="$PSRCDIR/sources_1/new/registru_save_pe6.vhd">
      <FileInfo>
        <Attr Name="UsedIn" Val="synthesis"/>
        <Attr Name="UsedIn" Val="simulation"/>
      </FileInfo>
    </File>
    <File Path="$PSRCDIR/sources_1/new/simulator.vhd">
      <FileInfo>
        <Attr Name="UsedIn" Val="synthesis"/>
        <Attr Name="UsedIn" Val="simulation"/>
      </FileInfo>
    </File>
    <File Path="$PSRCDIR/sources_1/new/temp_max.vhd">
      <FileInfo>
        <Attr Name="UsedIn" Val="synthesis"/>
        <Attr Name="UsedIn" Val="simulation"/>
      </FileInfo>
    </File>
    <File Path="$PSRCDIR/sources_1/new/temp_min.vhd">
      <FileInfo>
        <Attr Name="UsedIn" Val="synthesis"/>
        <Attr Name="UsedIn" Val="simulation"/>
      </FileInfo>
    </File>
    <File Path="$PSRCDIR/sources_1/new/temperatura_maxima.vhd">
      <FileInfo>
        <Attr Name="UsedIn" Val="synthesis"/>
        <Attr Name="UsedIn" Val="simulation"/>
      </FileInfo>
    </File>
    <File Path="$PSRCDIR/sources_1/new/temperatura_minima.vhd">
      <FileInfo>
        <Attr Name="UsedIn" Val="synthesis"/>
        <Attr Name="UsedIn" Val="simulation"/>
      </FileInfo>
    </File>
    <File Path="$PSRCDIR/sources_1/new/toate_codificate.vhd">
      <FileInfo>
        <Attr Name="UsedIn" Val="synthesis"/>
        <Attr Name="UsedIn" Val="simulation"/>
      </FileInfo>
    </File>
    <File Path="$PSRCDIR/sources_1/new/tot_afis.vhd">
      <FileInfo>
        <Attr Name="UsedIn" Val="synthesis"/>
        <Attr Name="UsedIn" Val="simulation"/>
      </FileInfo>
    </File>
    <File Path="$PSRCDIR/sources_1/new/proiect.vhd">
      <FileInfo>
        <Attr Name="UsedIn" Val="synthesis"/>
        <Attr Name="UsedIn" Val="simulation"/>
      </FileInfo>
    </File>
    <File Path="$PSRCDIR/sources_1/new/afisare_aux.vhd">
      <FileInfo>
        <Attr Name="AutoDisabled" Val="1"/>
        <Attr Name="UsedIn" Val="synthesis"/>
        <Attr Name="UsedIn" Val="simulation"/>
      </FileInfo>
    </File>
    <File Path="$PSRCDIR/sources_1/imports/new/bistabil_d.vhd">
      <FileInfo>
        <Attr Name="AutoDisabled" Val="1"/>
        <Attr Name="ImportPath" Val="$PPRDIR/../../proiect_nou/debouncer/numarator/numarator.srcs/sources_1/new/bistabil_d.vhd"/>
        <Attr Name="ImportTime" Val="1715958203"/>
        <Attr Name="UsedIn" Val="synthesis"/>
        <Attr Name="UsedIn" Val="simulation"/>
      </FileInfo>
    </File>
    <Config>
      <Option Name="DesignMode" Val="RTL"/>
      <Option Name="TopModule" Val="proiect"/>
    </Config>
  </FileSet>
  <FileSet Name="constrs_in" Type="Constrs" RelSrcDir="$PSRCDIR/constrs_1" RelGenDir="$PGENDIR/constrs_1">
    <Filter Type="Constrs"/>
    <File Path="$PSRCDIR/constrs_1/imports/Desktop/Basys-3-Master.xdc">
      <FileInfo>
        <Attr Name="ImportPath" Val="C:/Users/razva/OneDrive/Desktop/Basys-3-Master.xdc"/>
        <Attr Name="ImportTime" Val="1714981477"/>
        <Attr Name="UsedIn" Val="synthesis"/>
        <Attr Name="UsedIn" Val="implementation"/>
      </FileInfo>
    </File>
    <Config>
      <Option Name="ConstrsType" Val="XDC"/>
    </Config>
  </FileSet>
  <FileSet Name="utils" Type="Utils" RelSrcDir="$PSRCDIR/utils_1" RelGenDir="$PGENDIR/utils_1">
    <Filter Type="Utils"/>
    <File Path="$PSRCDIR/utils_1/imports/synth_1/clock.dcp">
      <FileInfo>
        <Attr Name="UsedIn" Val="synthesis"/>
        <Attr Name="UsedIn" Val="implementation"/>
        <Attr Name="UsedInSteps" Val="synth_1"/>
        <Attr Name="AutoDcp" Val="1"/>
      </FileInfo>
    </File>
    <Config>
      <Option Name="TopAutoSet" Val="TRUE"/>
    </Config>
  </FileSet>
  <Strategy Version="1" Minor="2">
    <StratHandle Name="Vivado Implementation Defaults" Flow="Vivado Implementation 2023"/>
    <Step Id="init_design"/>
    <Step Id="opt_design"/>
    <Step Id="power_opt_design"/>
    <Step Id="place_design"/>
    <Step Id="post_place_power_opt_design"/>
    <Step Id="phys_opt_design"/>
    <Step Id="route_design"/>
    <Step Id="post_route_phys_opt_design"/>
    <Step Id="write_bitstream"/>
    <Step Id="write_device_image"/>
  </Strategy>
</GenRun>
